model_name,dataset_name,model_parameters,final_score,similarity_scores
"koopmanmlp1,double_pendulum,""{""""arch"""": """"koopmanmlp"""", """"double"""": true, """"pendulum"""": true, """"eh"""": 256, """"lat"""": 90, """"dh"""": 256, """"oh"""": 64, """"lr"""": 0.0005, """"bs"""": 64, """"seed"""": 23}"",0.5503557889411846,""[0.4746, 0.6057, 0.6081, 0.6067, 0.6064, 0.6066, 0.608, 0.6096, 0.6101, 0.6138, 0.6135, 0.6137, 0.6138, 0.6139, 0.6148, 0.6154, 0.6151, 0.6144, 0.615, 0.6158, 0.615]"""
"koopmanmlp1,hopf,""{""""arch"""": """"koopmanmlp"""", """"hopf"""": true, """"eh"""": 512, """"lat"""": 64, """"dh"""": 256, """"oh"""": 128, """"lr"""": 0.0005, """"bs"""": 64, """"seed"""": 23}"",0.0001590956910414,""[0.9535, 0.9413, 0.9411, 0.9447, 0.947, 0.9501, 0.9514, 0.9516, 0.9522, 0.9517, 0.9524, 0.9532, 0.9537, 0.9541, 0.9543, 0.9546, 0.9547, 0.9548, 0.9549, 0.9548, 0.955, 0.9551, 0.9552]"""
"koopmanmlp1,logistic_map,""{""""arch"""": """"koopmanmlp"""", """"logistic"""": true, """"map"""": true, """"eh"""": 512, """"lat"""": 128, """"dh"""": 256, """"oh"""": 256, """"lr"""": 0.001, """"bs"""": 64, """"seed"""": 23}"",0.0111191926019576,""[0.9743, 0.9675, 0.9712, 0.9731, 0.9746, 0.9749, 0.9765, 0.9773, 0.9782, 0.9791, 0.9798, 0.9858, 0.9836, 0.9862, 0.9865, 0.9864, 0.9867, 0.9882, 0.9904, 0.9898, 0.9915, 0.99, 0.9892, 0.9914, 0.9935, 0.993, 0.9951, 0.9941, 0.9964, 0.9974, 0.9974, 0.9975, 0.9975, 0.9974, 0.9973, 0.9973, 0.9972, 0.9971, 0.997, 0.9969, 0.9968]"""
"koopmanmlp1,lorenz,""{""""arch"""": """"koopmanmlp"""", """"lorenz"""": true, """"eh"""": 128, """"lat"""": 64, """"dh"""": 256, """"oh"""": 64, """"lr"""": 0.0005, """"bs"""": 64, """"seed"""": 23}"",0.2788943833305287,""[0.5028, 0.6275, 0.6633, 0.6658, 0.6724, 0.6766, 0.672, 0.6784, 0.6802, 0.6779, 0.6762, 0.6769, 0.6805, 0.6848, 0.6839, 0.6839, 0.6833, 0.6841, 0.6849, 0.6846, 0.6848]"""
"koopmanmlp1,pod,""{""""arch"""": """"koopmanmlp"""", """"pod"""": true, """"eh"""": 512, """"lat"""": 90, """"dh"""": 128, """"oh"""": 64, """"lr"""": 0.0005, """"bs"""": 128, """"seed"""": 23}"",0.0025243517820854,""[0.9387, 0.8794, 0.8743, 0.8815, 0.8851, 0.8869, 0.8876, 0.8878, 0.8881, 0.8889, 0.8897, 0.8898, 0.8889, 0.8895, 0.8902, 0.8906, 0.8894, 0.8893, 0.8902, 0.8908, 0.8912, 0.8905, 0.8906, 0.8912, 0.8906, 0.8911, 0.8907, 0.8907, 0.8912, 0.8907, 0.8913, 0.8908, 0.891, 0.8909, 0.891]"""
"koopmanmlp1,random_skew,""{""""arch"""": """"koopmanmlp"""", """"random"""": true, """"skew"""": true, """"eh"""": 128, """"lat"""": 90, """"dh"""": 256, """"oh"""": 64, """"lr"""": 0.0005, """"bs"""": 64, """"seed"""": 23}"",0.0004226889923302,""[0.9067, 0.9534, 0.9548, 0.9554, 0.9546, 0.9556, 0.9561, 0.9567, 0.957, 0.9575, 0.958, 0.9578, 0.9582, 0.9584, 0.9585, 0.959, 0.9595, 0.9591, 0.959, 0.9595, 0.9592, 0.9595, 0.9599, 0.9597]"""
"koopmanmlp1,spiral,""{""""arch"""": """"koopmanmlp"""", """"spiral"""": true, """"eh"""": 512, """"lat"""": 64, """"dh"""": 256, """"oh"""": 128, """"lr"""": 0.0005, """"bs"""": 64, """"seed"""": 23}"",9.248785501843788e-05,""[0.8517, 0.7971, 0.8002, 0.8014, 0.8006, 0.7995, 0.7976, 0.7973, 0.7965, 0.796, 0.7957, 0.7954, 0.7956, 0.7954, 0.7953, 0.7952, 0.7952, 0.7958, 0.796, 0.7959, 0.7958, 0.7959]"""
"koopmanrnnautoreg1,double_pendulum,""{""""arch"""": """"koopmanrnnautoreg"""", """"double"""": true, """"pendulum"""": true, """"hd"""": 256, """"L"""": 2, """"ode"""": 32, """"lat"""": 128, """"lr"""": 0.002, """"bs"""": 128, """"seed"""": 23}"",0.4777141654243071,""[0.967, 0.8715, 0.9318, 0.9338, 0.8535, 0.8847, 0.8757, 0.8703, 0.8557, 0.8525, 0.8428, 0.8321, 0.8297, 0.8291, 0.826, 0.8247, 0.8218, 0.819, 0.8187, 0.819, 0.8209]"""
"koopmanrnnautoreg1,hopf,""{""""arch"""": """"koopmanrnnautoreg"""", """"hopf"""": true, """"hd"""": 256, """"L"""": 3, """"ode"""": 128, """"lat"""": 64, """"lr"""": 0.002, """"bs"""": 64, """"seed"""": 23}"",0.0782728046954919,""[0.9997, 0.9135, 0.965, 0.9925, 0.9916, 0.9928, 0.9932, 0.9938, 0.9945, 0.9943, 0.9944, 0.9949, 0.9953, 0.9954, 0.9953, 0.9955, 0.9958, 0.9957, 0.9958, 0.9959, 0.9964]"""
"koopmanrnnautoreg1,logistic_map,""{""""arch"""": """"koopmanrnnautoreg"""", """"logistic"""": true, """"map"""": true, """"hd"""": 64, """"L"""": 4, """"ode"""": 128, """"lat"""": 128, """"lr"""": 0.002, """"bs"""": 64, """"seed"""": 23}"",0.155511417115728,""[0.4084, 0.9996, 0.9994, 0.9973, 0.9853, 0.9698, 0.9676, 0.9562, 0.9329, 0.9029, 0.8814, 0.8824, 0.8931, 0.903, 0.9091, 0.9107, 0.9129, 0.9138, 0.9138, 0.9145, 0.9142]"""
"koopmanrnnautoreg1,lorenz,""{""""arch"""": """"koopmanrnnautoreg"""", """"lorenz"""": true, """"hd"""": 256, """"L"""": 4, """"ode"""": 64, """"lat"""": 128, """"lr"""": 0.002, """"bs"""": 64, """"seed"""": 23}"",0.187019013101235,""[0.9045, 0.9308, 0.8317, 0.8175, 0.8147, 0.7953, 0.8018, 0.7928, 0.7835, 0.7975, 0.7895, 0.779, 0.7871, 0.7702, 0.7751, 0.7877, 0.7612, 0.7752, 0.7729, 0.7789, 0.7774]"""
"koopmanrnnautoreg1,pod,""{""""arch"""": """"koopmanrnnautoreg"""", """"pod"""": true, """"hd"""": 256, """"L"""": 2, """"ode"""": 128, """"lat"""": 128, """"lr"""": 0.002, """"bs"""": 64, """"seed"""": 23}"",0.206031181383878,""[0.9848, 0.9679, 0.9666, 0.9794, 0.9819, 0.9834, 0.9837, 0.983, 0.9832, 0.9834, 0.9828, 0.9832, 0.9829, 0.9824, 0.983, 0.9821, 0.9814, 0.9809, 0.9801, 0.98, 0.9804]"""
"koopmanrnnautoreg1,random_skew,""{""""arch"""": """"koopmanrnnautoreg"""", """"random"""": true, """"skew"""": true, """"hd"""": 64, """"L"""": 3, """"ode"""": 128, """"lat"""": 128, """"lr"""": 0.0008, """"bs"""": 128, """"seed"""": 23}"",0.099018436546127,""[0.8087, 0.7952, 0.7891, 0.7883, 0.7904, 0.8004, 0.7861, 0.766, 0.7833, 0.7829, 0.7882, 0.7925, 0.7234, 0.7077, 0.7247, 0.7545, 0.7574, 0.7582, 0.7594, 0.7603, 0.7611]"""
"koopmanrnnautoreg1,spiral,""{""""arch"""": """"koopmanrnnautoreg"""", """"spiral"""": true, """"hd"""": 256, """"L"""": 2, """"ode"""": 128, """"lat"""": 64, """"lr"""": 0.002, """"bs"""": 64, """"seed"""": 23}"",0.0279368418838809,""[0.9986, 0.8774, 0.9972, 0.9414, 0.993, 0.9959, 0.9951, 0.9951, 0.9942, 0.9949, 0.9947, 0.9945, 0.9941, 0.9946, 0.9948, 0.9947, 0.9948, 0.995, 0.9948, 0.9946, 0.9947]"""
"koopmantransformer1,double_pendulum,""{""""arch"""": """"koopmantransformer"""", """"double"""": true, """"pendulum"""": true, """"dm"""": 256, """"L"""": 3, """"ode"""": 192, """"do"""": 0.1, """"lr"""": 0.0005, """"bs"""": 64, """"seed"""": 23}"",0.0215328344687198,""[0.8437, 0.6727, 0.5909, 0.562, 0.5388, 0.5188, 0.5193, 0.5069, 0.4996, 0.5008, 0.5008, 0.4975, 0.4948, 0.4966, 0.5082, 0.5249, 0.5106, 0.4895, 0.4928, 0.4967, 0.5049]"""
"koopmantransformer1,hopf,""{""""arch"""": """"koopmantransformer"""", """"hopf"""": true, """"dm"""": 256, """"L"""": 3, """"ode"""": 128, """"do"""": 0.1, """"lr"""": 0.001, """"bs"""": 64, """"seed"""": 23}"",0.0124189859683004,""[0.9896, 0.9821, 0.9183, 0.8298, 0.9908, 0.996, 0.996, 0.996, 0.9962, 0.9963, 0.9965, 0.9975, 0.9978, 0.998, 0.9977, 0.9975, 0.9978, 0.9977, 0.9975, 0.9975, 0.997]"""
"koopmantransformer1,logistic_map,""{""""arch"""": """"koopmantransformer"""", """"logistic"""": true, """"map"""": true, """"dm"""": 256, """"L"""": 3, """"ode"""": 128, """"do"""": 0.1, """"lr"""": 0.0005, """"bs"""": 64, """"seed"""": 23}"",0.0137125258139955,""[0.9943, 0.9978, 0.9969, 0.9982, 0.9977, 0.9981, 0.9981, 0.999, 0.9989, 0.9987, 0.9984, 0.9986, 0.9983, 0.9982, 0.9983, 0.9978, 0.9978, 0.9981, 0.9981, 0.9983, 0.9977, 0.9969, 0.9966, 0.9969, 0.9969, 0.9969]"""
"koopmantransformer1,lorenz,""{""""arch"""": """"koopmantransformer"""", """"lorenz"""": true, """"dm"""": 256, """"L"""": 3, """"ode"""": 128, """"do"""": 0.1, """"lr"""": 0.0005, """"bs"""": 64, """"seed"""": 23}"",0.0230940228017667,""[0.8035, 0.7018, 0.6842, 0.5824, 0.4644, 0.5694, 0.5918, 0.541, 0.5461, 0.5435, 0.5382, 0.5334, 0.5317, 0.5316, 0.532, 0.5332, 0.5347, 0.5328, 0.5351, 0.5361, 0.5367]"""
"koopmantransformer1,pod,""{""""arch"""": """"koopmantransformer"""", """"pod"""": true, """"dm"""": 256, """"L"""": 3, """"ode"""": 256, """"do"""": 0.1, """"lr"""": 0.0005, """"bs"""": 64, """"seed"""": 23}"",0.0159074542655919,""[0.9678, 0.9569, 0.9476, 0.9454, 0.9439, 0.9424, 0.9421, 0.9412, 0.9401, 0.9394, 0.9385, 0.9375, 0.9363, 0.9355, 0.9346, 0.9338, 0.9326, 0.9314, 0.9307, 0.9298, 0.9284]"""
"koopmantransformer1,random_skew,""{""""arch"""": """"koopmantransformer"""", """"random"""": true, """"skew"""": true, """"dm"""": 256, """"L"""": 3, """"ode"""": 256, """"do"""": 0.1, """"lr"""": 0.001, """"bs"""": 64, """"seed"""": 23}"",0.0192100748730202,""[0.946, 0.6648, 0.5128, 0.3815, 0.3939, 0.3929, 0.393, 0.3942, 0.3953, 0.3954, 0.3951, 0.396, 0.3971, 0.3978, 0.3982, 0.3834, 0.3849, 0.3886, 0.3886, 0.3905, 0.391, 0.3918]"""
"koopmantransformer1,spiral,""{""""arch"""": """"koopmantransformer"""", """"spiral"""": true, """"dm"""": 384, """"L"""": 3, """"ode"""": 192, """"do"""": 0.1, """"lr"""": 0.0005, """"bs"""": 64, """"seed"""": 23}"",0.0100489553199925,""[0.9873, 0.968, 0.9689, 0.9505, 0.8761, 0.7719, 0.7516, 0.764, 0.8248, 0.8681, 0.9001, 0.9248, 0.9365, 0.9458, 0.9515, 0.9551, 0.9593, 0.9625, 0.9646, 0.966, 0.967, 0.9676, 0.9677]"""
"mlp1,double_pendulum,""{""""arch"""": """"mlp"""", """"double"""": true, """"pendulum"""": true, """"hdE"""": 512, """"hdD"""": 256, """"L"""": 2, """"do"""": 0.0, """"lr"""": 0.001, """"bs"""": 64, """"seed"""": 23}"",0.5590164083211372,""[0.5389, 0.6809, 0.6827, 0.6732, 0.6742, 0.6719, 0.6747, 0.6756, 0.6756, 0.6723, 0.6735, 0.67, 0.6703, 0.6714, 0.6707, 0.6724, 0.6715, 0.6719, 0.6712, 0.6723, 0.6711]"""
"mlp1,hopf,""{""""arch"""": """"mlp"""", """"hopf"""": true, """"hdE"""": 128, """"hdD"""": 64, """"L"""": 1, """"do"""": 0.0, """"lr"""": 0.001, """"bs"""": 64, """"seed"""": 23}"",0.000174233703016,""[0.9512, 0.9662, 0.9568, 0.954, 0.9503, 0.9478, 0.945, 0.9448, 0.9455, 0.9432, 0.9421, 0.9404, 0.9398, 0.9395, 0.9389, 0.9387, 0.9377, 0.9374, 0.9369, 0.9368, 0.9366, 0.9364, 0.9371, 0.9367, 0.9366, 0.9361, 0.9365, 0.936, 0.9361, 0.9361, 0.9361, 0.936, 0.9362, 0.9361]"""
"mlp1,logistic_map,""{""""arch"""": """"mlp"""", """"logistic"""": true, """"map"""": true, """"hdE"""": 512, """"hdD"""": 256, """"L"""": 1, """"do"""": 0.0, """"lr"""": 0.001, """"bs"""": 64, """"seed"""": 23}"",0.0002167984927533,""[0.9353, 0.9345, 0.9351, 0.9349, 0.9347, 0.9347, 0.9343, 0.9338, 0.9337, 0.9333, 0.933, 0.9329, 0.9326, 0.9322, 0.9325, 0.9323, 0.9319, 0.9318, 0.9317, 0.9316, 0.9317, 0.9313]"""
"mlp1,lorenz,""{""""arch"""": """"mlp"""", """"lorenz"""": true, """"hdE"""": 128, """"hdD"""": 128, """"L"""": 1, """"do"""": 0.0, """"lr"""": 0.001, """"bs"""": 64, """"seed"""": 23}"",0.3020481202869026,""[0.4689, 0.7185, 0.742, 0.7511, 0.7413, 0.7445, 0.7466, 0.7438, 0.7439, 0.7483, 0.7454, 0.7482, 0.7475, 0.7483, 0.7483, 0.7465, 0.7463, 0.7468, 0.7462, 0.746, 0.7449]"""
"mlp1,pod,""{""""arch"""": """"mlp"""", """"pod"""": true, """"hdE"""": 128, """"hdD"""": 256, """"L"""": 2, """"do"""": 0.0, """"lr"""": 0.001, """"bs"""": 64, """"seed"""": 23}"",0.006690591300412,""[0.9283, 0.9448, 0.9486, 0.9521, 0.9534, 0.9531, 0.95, 0.9527, 0.9534, 0.9525, 0.9525, 0.9532, 0.9533, 0.9537, 0.9502, 0.9501, 0.951, 0.9508, 0.9519, 0.9506, 0.9512, 0.9529, 0.9516, 0.9518, 0.9507, 0.951]"""
"mlp1,random_skew,""{""""arch"""": """"mlp"""", """"random"""": true, """"skew"""": true, """"hdE"""": 512, """"hdD"""": 128, """"L"""": 3, """"do"""": 0.0, """"lr"""": 0.001, """"bs"""": 64, """"seed"""": 23}"",0.0002796587408132,""[0.9401, 0.9661, 0.9618, 0.9585, 0.9586, 0.9583, 0.9561, 0.9563, 0.9558, 0.9556, 0.9552, 0.9545, 0.9547, 0.9545, 0.9543, 0.954, 0.9536, 0.9537, 0.9536, 0.9533, 0.9534, 0.9534, 0.953]"""
"mlp1,spiral,""{""""arch"""": """"mlp"""", """"spiral"""": true, """"hdE"""": 512, """"hdD"""": 256, """"L"""": 3, """"do"""": 0.0, """"lr"""": 0.001, """"bs"""": 64, """"seed"""": 23}"",0.0001409358263799,""[0.8271, 0.8689, 0.8767, 0.879, 0.8801, 0.8839, 0.8843, 0.8843, 0.8865, 0.8878, 0.8914, 0.8911, 0.8942, 0.8932, 0.8942, 0.8941, 0.8943, 0.8937, 0.8938, 0.8932, 0.8933]"""
"nodemlp1,double_pendulum,""{""""arch"""": """"nodemlp"""", """"double"""": true, """"pendulum"""": true, """"eh"""": 1024, """"eo"""": 256, """"oh"""": 64, """"lr"""": 0.001, """"bs"""": 32, """"seed"""": 23}"",0.5051904175197706,""[0.556, 0.6433, 0.6529, 0.6519, 0.651, 0.6557, 0.6544, 0.6527, 0.6599, 0.6608, 0.6594, 0.6608, 0.6613, 0.6604, 0.6618, 0.6597, 0.6585, 0.6593, 0.6598, 0.6603, 0.6605]"""
"nodemlp1,hopf,""{""""arch"""": """"nodemlp"""", """"hopf"""": true, """"eh"""": 128, """"eo"""": 64, """"oh"""": 256, """"lr"""": 0.001, """"bs"""": 32, """"seed"""": 23}"",0.0001642782581541,""[0.9515, 0.9612, 0.9589, 0.9578, 0.9606, 0.9563, 0.9549, 0.9551, 0.9567, 0.9557, 0.9529, 0.9577, 0.9572, 0.9567, 0.9571, 0.9574, 0.9565, 0.9573, 0.9567, 0.9568, 0.9563, 0.9565, 0.9563, 0.9568, 0.9557, 0.9561, 0.9562, 0.9564, 0.9567, 0.9568, 0.9564, 0.9571, 0.9572, 0.9571, 0.957, 0.9574, 0.9577]"""
"nodemlp1,logistic_map,""{""""arch"""": """"nodemlp"""", """"logistic"""": true, """"map"""": true, """"eh"""": 1024, """"eo"""": 128, """"oh"""": 128, """"lr"""": 0.0003, """"bs"""": 32, """"seed"""": 23}"",0.863943483059605,""[0.9437, 0.9208, 0.9161, 0.9143, 0.912, 0.9091, 0.9097, 0.9077, 0.9076, 0.899, 0.8995, 0.8981, 0.8985, 0.8987, 0.8969, 0.8963, 0.897, 0.8937, 0.8932, 0.8931, 0.8938]"""
"nodemlp1,lorenz,""{""""arch"""": """"nodemlp"""", """"lorenz"""": true, """"eh"""": 1024, """"eo"""": 128, """"oh"""": 128, """"lr"""": 0.001, """"bs"""": 32, """"seed"""": 23}"",0.2971655230260997,""[0.4532, 0.6839, 0.7351, 0.7574, 0.7708, 0.7741, 0.7744, 0.7688, 0.7675, 0.7693, 0.7583, 0.7656, 0.7648, 0.7436, 0.7494, 0.7483, 0.751, 0.7538, 0.7557, 0.7553, 0.7589]"""
"nodemlp1,pod,""{""""arch"""": """"nodemlp"""", """"pod"""": true, """"eh"""": 128, """"eo"""": 128, """"oh"""": 128, """"lr"""": 0.0003, """"bs"""": 32, """"seed"""": 23}"",0.0021584700959162,""[0.9205, 0.9437, 0.9455, 0.9459, 0.9463, 0.9471, 0.9475, 0.9481, 0.9488, 0.9495, 0.9492, 0.9494, 0.9499, 0.9505, 0.9506, 0.9503, 0.9505, 0.9507, 0.9508, 0.9509, 0.9512, 0.9514, 0.9517, 0.9517]"""
"nodemlp1,random_skew,""{""""arch"""": """"nodemlp"""", """"random"""": true, """"skew"""": true, """"eh"""": 1024, """"eo"""": 128, """"oh"""": 256, """"lr"""": 0.001, """"bs"""": 32, """"seed"""": 23}"",0.0002003955722405,""[0.92, 0.9172, 0.9175, 0.9152, 0.907, 0.9067, 0.9108, 0.9146, 0.916, 0.9144, 0.9186, 0.9206, 0.9187, 0.9189, 0.9185, 0.9178, 0.9174, 0.9173, 0.9172, 0.9181, 0.9168, 0.9175, 0.9168, 0.9172, 0.9166, 0.9161, 0.9166, 0.9164, 0.9162, 0.9171, 0.9176, 0.9162, 0.9164, 0.9167, 0.9163, 0.9171, 0.917, 0.917, 0.9166, 0.917, 0.9167, 0.9163, 0.9169, 0.9168, 0.9167, 0.9172, 0.9172, 0.9165, 0.9167, 0.9169, 0.9169]"""
"nodemlp1,spiral,""{""""arch"""": """"nodemlp"""", """"spiral"""": true, """"eh"""": 1024, """"eo"""": 256, """"oh"""": 64, """"lr"""": 0.001, """"bs"""": 32, """"seed"""": 23}"",0.0001895191073681,""[0.843, 0.7904, 0.8373, 0.8508, 0.8616, 0.8637, 0.8739, 0.8845, 0.8888, 0.8881, 0.8895, 0.8934, 0.896, 0.8969, 0.8972, 0.8977, 0.8975, 0.8977, 0.8978, 0.8987, 0.898, 0.8984, 0.8985, 0.8975, 0.8968, 0.8987, 0.8996, 0.9014, 0.9, 0.9006, 0.9001, 0.9005, 0.901]"""
"nodernnautoreg1,double_pendulum,""{""""arch"""": """"nodernnautoreg"""", """"double"""": true, """"pendulum"""": true, """"hd"""": 256, """"L"""": 2, """"ode"""": 128, """"tf"""": 0.2, """"lr"""": 0.002, """"bs"""": 64, """"seed"""": 23}"",0.4659113843614856,""[0.9719, 0.9066, 0.8435, 0.8275, 0.7758, 0.7541, 0.7487, 0.7341, 0.736, 0.7348, 0.7324, 0.7272, 0.7248, 0.7268, 0.723, 0.7209, 0.7247, 0.7274, 0.7265, 0.7241, 0.7258]"""
"nodernnautoreg1,hopf,""{""""arch"""": """"nodernnautoreg"""", """"hopf"""": true, """"hd"""": 128, """"L"""": 2, """"ode"""": 32, """"tf"""": 0.2, """"lr"""": 0.002, """"bs"""": 64, """"seed"""": 23}"",0.0785527228144928,""[0.9979, 0.9557, 0.9886, 0.9929, 0.9954, 0.994, 0.994, 0.9932, 0.9933, 0.9929, 0.9922, 0.9916, 0.9911, 0.9908, 0.9906, 0.9907, 0.9907, 0.9906, 0.9909, 0.9905, 0.9909]"""
"nodernnautoreg1,logistic_map,""{""""arch"""": """"nodernnautoreg"""", """"logistic"""": true, """"map"""": true, """"hd"""": 256, """"L"""": 2, """"ode"""": 32, """"tf"""": 0.4, """"lr"""": 0.002, """"bs"""": 64, """"seed"""": 23}"",0.1514078378677368,""[0.7308, 0.9979, 0.9987, 0.9973, 0.953, 0.8932, 0.8557, 0.8557, 0.8552, 0.8485, 0.843, 0.8321, 0.8177, 0.8042, 0.787, 0.7691, 0.7635, 0.7539, 0.7448, 0.765, 0.769]"""
"nodernnautoreg1,lorenz,""{""""arch"""": """"nodernnautoreg"""", """"lorenz"""": true, """"hd"""": 128, """"L"""": 3, """"ode"""": 64, """"tf"""": 0.4, """"lr"""": 0.002, """"bs"""": 64, """"seed"""": 23}"",0.1862394462029139,""[0.9525, 0.9066, 0.8951, 0.9194, 0.9227, 0.9279, 0.9234, 0.9209, 0.9343, 0.9233, 0.9194, 0.9209, 0.9199, 0.923, 0.9216, 0.9217, 0.917, 0.9213, 0.9175, 0.9197, 0.9192]"""
"nodernnautoreg1,pod,""{""""arch"""": """"nodernnautoreg"""", """"pod"""": true, """"hd"""": 256, """"L"""": 2, """"ode"""": 32, """"tf"""": 0.2, """"lr"""": 0.0008, """"bs"""": 128, """"seed"""": 23}"",0.2021043937032421,""[0.9775, 0.9384, 0.9073, 0.8867, 0.8881, 0.9334, 0.9506, 0.9566, 0.9599, 0.9637, 0.9657, 0.9658, 0.9676, 0.969, 0.9703, 0.9707, 0.9717, 0.9713, 0.9719, 0.973, 0.9725]"""
"nodernnautoreg1,random_skew,""{""""arch"""": """"nodernnautoreg"""", """"random"""": true, """"skew"""": true, """"hd"""": 128, """"L"""": 2, """"ode"""": 128, """"tf"""": 0.4, """"lr"""": 0.002, """"bs"""": 128, """"seed"""": 23}"",0.0774369748154034,""[0.8176, 0.7089, 0.8046, 0.7854, 0.7962, 0.7958, 0.7948, 0.7936, 0.7912, 0.7899, 0.7888, 0.7879, 0.7872, 0.7862, 0.7862, 0.7858, 0.7855, 0.7852, 0.7851, 0.785, 0.785]"""
"nodernnautoreg1,spiral,""{""""arch"""": """"nodernnautoreg"""", """"spiral"""": true, """"hd"""": 256, """"L"""": 2, """"ode"""": 128, """"tf"""": 0.2, """"lr"""": 0.0008, """"bs"""": 64, """"seed"""": 23}"",0.0279817354688323,""[0.9925, 0.9687, 0.9902, 0.9909, 0.9925, 0.9935, 0.9924, 0.9909, 0.9907, 0.9901, 0.9897, 0.9889, 0.9892, 0.9887, 0.9897, 0.9897, 0.9898, 0.9901, 0.9903, 0.9903, 0.9911]"""
"nodetransformer1,double_pendulum,""{""""arch"""": """"nodetransformer"""", """"double"""": true, """"pendulum"""": true, """"dm"""": 256, """"L"""": 3, """"ode"""": 128, """"do"""": 0.1, """"lr"""": 0.001, """"bs"""": 128, """"seed"""": 23}"",0.0251188220766683,""[0.8478, 0.7014, 0.6806, 0.6792, 0.6691, 0.6596, 0.6509, 0.6416, 0.6146, 0.587, 0.5551, 0.5217, 0.4974, 0.479, 0.4651, 0.445, 0.4263, 0.4161, 0.4085, 0.401, 0.3842]"""
"nodetransformer1,hopf,""{""""arch"""": """"nodetransformer"""", """"hopf"""": true, """"dm"""": 256, """"L"""": 3, """"ode"""": 64, """"do"""": 0.1, """"lr"""": 0.001, """"bs"""": 128, """"seed"""": 23}"",0.015344643810143,""[0.9874, 0.9335, 0.8981, 0.8402, 0.7229, 0.6396, 0.6911, 0.7442, 0.9454, 0.9885, 0.9857, 0.9877, 0.9886, 0.9895, 0.9926, 0.9929, 0.9929, 0.9944, 0.9939, 0.9939, 0.9947, 0.9948, 0.9954, 0.9954, 0.9962, 0.9964, 0.9965, 0.9967, 0.9966]"""
"nodetransformer1,logistic_map,""{""""arch"""": """"nodetransformer"""", """"logistic"""": true, """"map"""": true, """"dm"""": 256, """"L"""": 3, """"ode"""": 128, """"do"""": 0.1, """"lr"""": 0.0005, """"bs"""": 128, """"seed"""": 23}"",0.0175460239406675,""[0.9945, 0.9978, 0.9975, 0.9972, 0.997, 0.9976, 0.9981, 0.9984, 0.9982, 0.9984, 0.9981, 0.9976, 0.998, 0.9989, 0.9974, 0.9982, 0.9982, 0.9985, 0.9986, 0.9985, 0.9988, 0.9985, 0.9979, 0.9974, 0.9975, 0.9967, 0.998, 0.9972, 0.9974, 0.9974]"""
"nodetransformer1,lorenz,""{""""arch"""": """"nodetransformer"""", """"lorenz"""": true, """"dm"""": 384, """"L"""": 3, """"ode"""": 256, """"do"""": 0.1, """"lr"""": 0.0005, """"bs"""": 128, """"seed"""": 23}"",0.028103306191042,""[0.801, 0.6784, 0.6528, 0.6221, 0.5613, 0.4748, 0.3986, 0.5069, 0.493, 0.5733, 0.6064, 0.6072, 0.6145, 0.6162, 0.619, 0.623, 0.6272, 0.6342, 0.6369, 0.6403, 0.642, 0.6446, 0.6443, 0.6449, 0.6455]"""
"nodetransformer1,pod,""{""""arch"""": """"nodetransformer"""", """"pod"""": true, """"dm"""": 256, """"L"""": 3, """"ode"""": 64, """"do"""": 0.1, """"lr"""": 0.0005, """"bs"""": 128, """"seed"""": 23}"",0.0401013753532121,""[0.9548, 0.8047, 0.6936, 0.7172, 0.7187, 0.7358, 0.7247, 0.7315, 0.7439, 0.7492, 0.756, 0.7623, 0.7686, 0.7742, 0.7763, 0.7775, 0.78, 0.7793, 0.7813, 0.7826, 0.7826]"""
"nodetransformer1,random_skew,""{""""arch"""": """"nodetransformer"""", """"random"""": true, """"skew"""": true, """"dm"""": 256, """"L"""": 3, """"ode"""": 128, """"do"""": 0.1, """"lr"""": 0.001, """"bs"""": 128, """"seed"""": 23}"",0.0169573348636428,""[0.9576, 0.8122, 0.7461, 0.6356, 0.5923, 0.5834, 0.547, 0.592, 0.5903, 0.5882, 0.5883, 0.5888, 0.5886, 0.5886, 0.5889, 0.5899, 0.5897, 0.5894, 0.589, 0.5886, 0.5884, 0.5888, 0.5886]"""
"nodetransformer1,spiral,""{""""arch"""": """"nodetransformer"""", """"spiral"""": true, """"dm"""": 256, """"L"""": 3, """"ode"""": 64, """"do"""": 0.1, """"lr"""": 0.0005, """"bs"""": 128, """"seed"""": 23}"",0.0162363233976066,""[0.9762, 0.9708, 0.9657, 0.9571, 0.9438, 0.9122, 0.8252, 0.7112, 0.706, 0.7208, 0.766, 0.851, 0.9792, 0.9827, 0.9846, 0.9841, 0.984, 0.9836, 0.9822, 0.9816, 0.9807, 0.9803, 0.9803, 0.9795, 0.9805, 0.981, 0.9801]"""
"oldrnn1,double_pendulum,""{""""arch"""": """"oldrnn"""", """"double"""": true, """"pendulum"""": true, """"hd"""": 256, """"L"""": 2, """"do"""": 0.1, """"tf"""": 0.5, """"lr"""": 0.001, """"bs"""": 64, """"seed"""": 23}"",0.3978091486884902,""[0.9711, 0.9481, 0.9336, 0.8671, 0.8459, 0.8306, 0.8536, 0.8649, 0.845, 0.856, 0.8492, 0.8457, 0.8435, 0.8387, 0.842, 0.834, 0.8374, 0.8302, 0.8349, 0.8361, 0.8348]"""
"oldrnn1,hopf,""{""""arch"""": """"oldrnn"""", """"hopf"""": true, """"hd"""": 128, """"L"""": 2, """"do"""": 0.1, """"tf"""": 0.5, """"lr"""": 0.001, """"bs"""": 32, """"seed"""": 23}"",2.7332210142579545e-05,""[0.9923, 0.9954, 0.9953, 0.9992, 0.9984, 0.9983, 0.9997, 0.9993, 0.9992, 0.9989, 0.9989, 0.9986, 0.9988, 0.9986, 0.9982, 0.9983, 0.9983, 0.9981, 0.9983, 0.9987, 0.9984, 0.9983, 0.998, 0.998, 0.9981, 0.9982, 0.9979, 0.9975, 0.9972, 0.9975, 0.9968, 0.9961, 0.9965, 0.9953, 0.9961, 0.9958, 0.9951, 0.9947, 0.9943, 0.9944, 0.9946, 0.9935, 0.9941, 0.9938, 0.9935, 0.9938, 0.9938, 0.9943, 0.9936, 0.9942, 0.9924, 0.9933, 0.9929, 0.9926, 0.9933, 0.9928, 0.993, 0.9929, 0.993, 0.9932, 0.9926, 0.9925, 0.9929, 0.9925, 0.9924, 0.9918, 0.9922, 0.9927, 0.9921, 0.9923, 0.9924, 0.9918, 0.9922, 0.9919, 0.9921, 0.992, 0.991, 0.9907, 0.9911, 0.9911, 0.9906, 0.9906, 0.9907, 0.9911, 0.991, 0.9906, 0.9903, 0.9907, 0.9895, 0.99, 0.989, 0.9894, 0.9896, 0.9898, 0.9896, 0.9895, 0.9895, 0.9896, 0.9891, 0.9898, 0.9894, 0.9893, 0.9891, 0.9891, 0.9889, 0.9894, 0.9891, 0.9893, 0.9891, 0.989, 0.9887, 0.9885, 0.9886, 0.9888, 0.9884, 0.9881, 0.9881, 0.9879, 0.9879, 0.9879, 0.9878, 0.988, 0.9877, 0.9882, 0.9878, 0.9875, 0.9874, 0.9872, 0.9871, 0.9874, 0.9871, 0.9864, 0.9869, 0.9869, 0.9865, 0.9865, 0.9864, 0.9863, 0.9861, 0.9859, 0.9861, 0.9854, 0.9867, 0.9855, 0.9857, 0.9866, 0.9862, 0.9861, 0.986, 0.9858, 0.9856, 0.9857, 0.9854, 0.9856, 0.9857, 0.9853, 0.9852, 0.9856, 0.9855, 0.9851, 0.9853, 0.9849, 0.9849, 0.9844, 0.9848, 0.9846, 0.9846, 0.9849, 0.9849, 0.9846, 0.9851, 0.9842, 0.9841, 0.9847, 0.9845, 0.9848, 0.9845, 0.9849, 0.9843, 0.9841, 0.984, 0.9853, 0.9847, 0.984, 0.9837, 0.9833, 0.9837, 0.984, 0.9843, 0.9836, 0.9841, 0.9849, 0.9838, 0.9841, 0.9847, 0.984, 0.9839, 0.9842, 0.9848, 0.9837, 0.9841]"""
"oldrnn1,logistic_map,""{""""arch"""": """"oldrnn"""", """"logistic"""": true, """"map"""": true, """"hd"""": 256, """"L"""": 4, """"do"""": 0.3, """"tf"""": 0.3, """"lr"""": 0.001, """"bs"""": 32, """"seed"""": 23}"",0.000108633000688,""[0.3682, 1.0, 0.9999, 0.9639, 0.9332, 0.8493, 0.8004, 0.7851, 0.7692, 0.789, 0.7918, 0.7907, 0.7877, 0.7783, 0.7861, 0.7803, 0.7314, 0.7299, 0.9045, 0.814, 0.8058, 0.806, 0.8149, 0.7994, 0.7983, 0.7857, 0.7856, 0.7826, 0.7842, 0.7776, 0.7757, 0.7795, 0.7781, 0.7794, 0.7626, 0.7903, 0.7563, 0.7585, 0.7581, 0.7607, 0.7574, 0.7579, 0.7567]"""
"oldrnn1,lorenz,""{""""arch"""": """"oldrnn"""", """"lorenz"""": true, """"hd"""": 256, """"L"""": 3, """"do"""": 0.3, """"tf"""": 0.5, """"lr"""": 0.0001, """"bs"""": 32, """"seed"""": 23}"",0.0031904682185389,""[0.9537, 0.968, 0.9773, 0.9772, 0.9771, 0.9722, 0.9733, 0.9715, 0.9659, 0.9673, 0.9659, 0.9657, 0.9641, 0.9629, 0.9642, 0.9584, 0.9568, 0.9585, 0.9574, 0.9537, 0.9509, 0.952, 0.9491, 0.9483, 0.9437, 0.9429, 0.9401, 0.9386, 0.939, 0.9414, 0.9382, 0.9365, 0.9321, 0.9347, 0.9298, 0.928, 0.9247, 0.9282, 0.9287, 0.9276, 0.92, 0.9202, 0.9173, 0.9172, 0.9168, 0.913, 0.9142, 0.9125, 0.9155, 0.9119, 0.9112, 0.9145, 0.9156, 0.9136, 0.9131, 0.9162, 0.9117, 0.9109, 0.9116, 0.9116, 0.913, 0.9145, 0.9121, 0.9094, 0.9127, 0.9108, 0.9078, 0.9092, 0.9121, 0.9079, 0.9063, 0.909, 0.9074, 0.9054, 0.9043, 0.9104, 0.9063, 0.9073, 0.9065, 0.9072, 0.9049, 0.9015, 0.9076, 0.9093, 0.9082, 0.9073, 0.9132, 0.9153, 0.9061, 0.9071, 0.909, 0.9068, 0.9082, 0.9128, 0.9085, 0.9051, 0.9079, 0.906, 0.8995, 0.9033, 0.905, 0.9099, 0.9075, 0.9009, 0.9046, 0.9052, 0.9069, 0.9067, 0.9088, 0.907, 0.906, 0.9088, 0.9043, 0.9028, 0.9056, 0.9082, 0.9039, 0.9046, 0.9055, 0.9069, 0.9054, 0.9072, 0.9097, 0.9053, 0.9064, 0.9059, 0.9062, 0.9072, 0.9058, 0.9093, 0.9082, 0.9094, 0.9077, 0.9072, 0.9032, 0.9048, 0.9084, 0.9026, 0.9094, 0.9056, 0.9085, 0.9074, 0.9026, 0.9016, 0.9062, 0.9074, 0.9046, 0.9021, 0.902, 0.9067, 0.9029, 0.8982, 0.9062, 0.9036, 0.8898, 0.8984, 0.9032, 0.9019, 0.8982, 0.8981, 0.9013, 0.9009, 0.9061, 0.9047, 0.903, 0.9037, 0.9046, 0.9019, 0.903, 0.9015, 0.9041, 0.9035, 0.9055, 0.9028, 0.9024, 0.9042, 0.9065, 0.9061, 0.9039, 0.901, 0.9035, 0.9018, 0.9022, 0.9032, 0.9015, 0.9027, 0.9001, 0.9025, 0.902, 0.9029, 0.8994, 0.9012, 0.9048, 0.9021, 0.8973, 0.9009, 0.899, 0.9031, 0.9015, 0.8984, 0.9005]"""
"oldrnn1,pod,""{""""arch"""": """"oldrnn"""", """"pod"""": true, """"hd"""": 256, """"L"""": 2, """"do"""": 0.1, """"tf"""": 0.5, """"lr"""": 0.001, """"bs"""": 32, """"seed"""": 23}"",0.0079060012246069,""[0.9866, 0.9762, 0.9776, 0.9828, 0.9759, 0.9638, 0.954, 0.9512, 0.9513, 0.953, 0.9539, 0.9568, 0.9561, 0.958, 0.9601, 0.958, 0.9599, 0.9588, 0.9572, 0.9616, 0.9576, 0.9609, 0.9573]"""
"oldrnn1,random_skew,""{""""arch"""": """"oldrnn"""", """"random"""": true, """"skew"""": true, """"hd"""": 128, """"L"""": 4, """"do"""": 0.3, """"tf"""": 0.0, """"lr"""": 0.001, """"bs"""": 32, """"seed"""": 23}"",0.0001008039633916,""[0.9879, 0.9364, 0.9476, 0.9452, 0.949, 0.9582, 0.9508, 0.9482, 0.9338, 0.9376, 0.94, 0.9383, 0.9324, 0.9337, 0.9355, 0.9311, 0.9302, 0.9376, 0.9361, 0.9363, 0.9377, 0.9393, 0.9411, 0.9421, 0.9467, 0.9451, 0.9423, 0.9466, 0.9392, 0.9421, 0.9351, 0.9404, 0.9392, 0.9466, 0.9428, 0.9432, 0.9458, 0.9413, 0.9445, 0.9465, 0.9384, 0.9458, 0.9446, 0.9395, 0.939, 0.9438, 0.9438, 0.9417, 0.9444, 0.9418, 0.9414, 0.9426, 0.9394, 0.9403, 0.9412, 0.9393, 0.9333, 0.939, 0.9349, 0.9371, 0.9408, 0.9376, 0.9339, 0.9378, 0.937, 0.9384, 0.9389, 0.9363, 0.9357, 0.9353, 0.9356, 0.937, 0.9344, 0.939, 0.937, 0.938, 0.9359, 0.9415, 0.937, 0.9333, 0.9368, 0.9341, 0.9361, 0.9379, 0.9322, 0.9351, 0.9328, 0.9352, 0.932, 0.9365, 0.9376, 0.9378, 0.9363, 0.9345, 0.9382, 0.9342, 0.9352, 0.9336, 0.9371, 0.9336, 0.9356, 0.9335, 0.9326, 0.9293, 0.9319, 0.9302, 0.9298, 0.9321, 0.9324, 0.9291, 0.9305, 0.9311, 0.9319, 0.9277, 0.9302, 0.93, 0.9267, 0.9319, 0.9314, 0.9272, 0.9316, 0.9299, 0.9288, 0.9309, 0.9325, 0.9263, 0.9275, 0.929, 0.9296, 0.9284, 0.9291, 0.9284, 0.9313, 0.9312, 0.931, 0.9305, 0.9298, 0.932, 0.9282, 0.9267, 0.9261, 0.929, 0.9249, 0.9248, 0.9234, 0.9252, 0.9302, 0.9295, 0.9265, 0.9297, 0.9319, 0.9331, 0.9276, 0.9299, 0.925, 0.9283, 0.9322, 0.9298, 0.9313, 0.9291, 0.9335, 0.9196, 0.9237, 0.9238, 0.9234, 0.9252, 0.9275, 0.9282, 0.9276, 0.9304, 0.9282, 0.9276, 0.9296, 0.9301, 0.9283, 0.9309, 0.9311, 0.9305, 0.9324, 0.9336, 0.9337, 0.926, 0.9336, 0.9301, 0.9262, 0.9329, 0.9296, 0.9348, 0.9327, 0.9355, 0.9348, 0.9289, 0.9295, 0.9297, 0.931, 0.9309, 0.9337, 0.9251, 0.9261, 0.9279, 0.9329]"""
"oldrnn1,spiral,""{""""arch"""": """"oldrnn"""", """"spiral"""": true, """"hd"""": 256, """"L"""": 3, """"do"""": 0.1, """"tf"""": 0.5, """"lr"""": 0.0001, """"bs"""": 32, """"seed"""": 23}"",0.0003025802351809,""[0.9995, 0.9948, 0.9952, 0.9959, 0.9958, 0.9967, 0.9965, 0.9975, 0.9974, 0.9974, 0.9979, 0.9979, 0.9979, 0.9979, 0.9981, 0.9979, 0.9982, 0.998, 0.9978, 0.9973, 0.9978, 0.9972, 0.997, 0.9966, 0.9968, 0.9967, 0.9966, 0.9964, 0.9967, 0.9966, 0.9962, 0.9966, 0.9964, 0.9959, 0.9962, 0.9956, 0.9955, 0.9954, 0.9953, 0.9952, 0.9947, 0.995, 0.9948, 0.9946, 0.9946, 0.9947, 0.9944, 0.9937, 0.9932, 0.9938, 0.9929, 0.9931, 0.992, 0.9916, 0.9916, 0.9922, 0.9924, 0.9925, 0.9925, 0.9924, 0.9923]"""
"rnnautoreg1,double_pendulum,""{""""arch"""": """"rnnautoreg"""", """"double"""": true, """"pendulum"""": true, """"hd"""": 256, """"L"""": 2, """"do"""": 0.05, """"tf"""": 0.2, """"lr"""": 0.006, """"bs"""": 64, """"seed"""": 23}"",0.375416353965799,""[0.9719, 0.8185, 0.8338, 0.8256, 0.8187, 0.8078, 0.7975, 0.7933, 0.7896, 0.7914, 0.7945, 0.7843, 0.7862, 0.7865, 0.7823, 0.7808, 0.7765, 0.7755, 0.779, 0.7739, 0.7744]"""
"rnnautoreg1,hopf,""{""""arch"""": """"rnnautoreg"""", """"hopf"""": true, """"hd"""": 128, """"L"""": 2, """"do"""": 0.05, """"tf"""": 0.2, """"lr"""": 0.006, """"bs"""": 64, """"seed"""": 23}"",0.0259496395592577,""[0.994, 0.9759, 0.8648, 0.9647, 0.9663, 0.9689, 0.9701, 0.972, 0.9716, 0.9727, 0.9735, 0.9738, 0.9742, 0.9753, 0.9758, 0.9761, 0.9763, 0.9771, 0.9777, 0.978, 0.9783]"""
"rnnautoreg1,logistic_map,""{""""arch"""": """"rnnautoreg"""", """"logistic"""": true, """"map"""": true, """"hd"""": 64, """"L"""": 3, """"do"""": 0.05, """"tf"""": 0.2, """"lr"""": 0.006, """"bs"""": 64, """"seed"""": 23}"",0.0495220557786524,""[0.5969, 1.0, 0.9987, 0.9835, 0.9169, 0.8519, 0.8127, 0.7529, 0.7346, 0.7172, 0.7095, 0.6998, 0.6833, 0.6829, 0.6778, 0.6721, 0.6684, 0.6721, 0.6652, 0.658, 0.664, 0.6908, 0.6986]"""
"rnnautoreg1,lorenz,""{""""arch"""": """"rnnautoreg"""", """"lorenz"""": true, """"hd"""": 128, """"L"""": 2, """"do"""": 0.05, """"tf"""": 0.2, """"lr"""": 0.006, """"bs"""": 128, """"seed"""": 23}"",0.0667102877050638,""[0.9661, 0.8444, 0.8444, 0.8233, 0.7619, 0.7858, 0.7811, 0.7769, 0.7784, 0.778, 0.771, 0.7633, 0.7662, 0.7691, 0.7623, 0.7568, 0.7618, 0.7683, 0.7622, 0.7652, 0.7651, 0.7669, 0.7631]"""
"rnnautoreg1,pod,""{""""arch"""": """"rnnautoreg"""", """"pod"""": true, """"hd"""": 256, """"L"""": 2, """"do"""": 0.05, """"tf"""": 0.4, """"lr"""": 0.006, """"bs"""": 64, """"seed"""": 23}"",0.0709674297831952,""[0.9821, 0.8897, 0.9821, 0.9892, 0.9907, 0.9909, 0.9915, 0.9914, 0.9916, 0.9922, 0.9922, 0.9922, 0.9917, 0.9917, 0.9914, 0.991, 0.9912, 0.9909, 0.9905, 0.9905, 0.9899]"""
"rnnautoreg1,random_skew,""{""""arch"""": """"rnnautoreg"""", """"random"""": true, """"skew"""": true, """"hd"""": 256, """"L"""": 4, """"do"""": 0.05, """"tf"""": 0.4, """"lr"""": 0.002, """"bs"""": 128, """"seed"""": 23}"",0.0254293088801205,""[0.7825, 0.7812, 0.6369, 0.659, 0.689, 0.7552, 0.7629, 0.7623, 0.7616, 0.7621, 0.7635, 0.7626, 0.7625, 0.763, 0.7622, 0.7624, 0.7625, 0.7631, 0.7631, 0.7633, 0.7622]"""
"rnnautoreg1,spiral,""{""""arch"""": """"rnnautoreg"""", """"spiral"""": true, """"hd"""": 64, """"L"""": 2, """"do"""": 0.05, """"tf"""": 0.6, """"lr"""": 0.006, """"bs"""": 64, """"seed"""": 23}"",0.0096290291185141,""[0.9989, 0.9864, 0.9884, 0.9936, 0.9956, 0.996, 0.9963, 0.9964, 0.9964, 0.9972, 0.9966, 0.9967, 0.9968, 0.997, 0.9972, 0.9974, 0.9974, 0.9974, 0.9977, 0.9978, 0.9978]"""
"transformer1,double_pendulum,""{""""arch"""": """"transformer"""", """"double"""": true, """"pendulum"""": true, """"dm"""": 256, """"nh"""": 2, """"L"""": 2, """"do"""": 0.1, """"lr"""": 0.001, """"bs"""": 64, """"seed"""": 23}"",0.0129600178527956,""[0.9236, 0.6319, 0.5987, 0.5783, 0.544, 0.5325, 0.5292, 0.5227, 0.5202, 0.519, 0.5199, 0.5244, 0.5291, 0.5341, 0.5405, 0.5445, 0.551, 0.5573, 0.566, 0.5697, 0.5713]"""
"transformer1,hopf,""{""""arch"""": """"transformer"""", """"hopf"""": true, """"dm"""": 512, """"nh"""": 4, """"L"""": 2, """"do"""": 0.1, """"lr"""": 0.0005, """"bs"""": 64, """"seed"""": 23}"",0.0065469955249379,""[0.9991, 0.9769, 0.8738, 0.6164, 0.9642, 0.9816, 0.9809, 0.9795, 0.9867, 0.992, 0.9937, 0.9943, 0.9945, 0.9945, 0.9943, 0.9947, 0.9945, 0.9946, 0.9946, 0.9944, 0.9947, 0.9947]"""
"transformer1,logistic_map,""{""""arch"""": """"transformer"""", """"logistic"""": true, """"map"""": true, """"dm"""": 128, """"nh"""": 4, """"L"""": 4, """"do"""": 0.1, """"lr"""": 0.001, """"bs"""": 64, """"seed"""": 23}"",0.0051221468796332,""[0.9931, 0.9956, 0.9979, 0.9961, 0.998, 0.9968, 0.9972, 0.9961, 0.9952, 0.9943, 0.9966, 0.9968, 0.9975, 0.997, 0.9971, 0.9975, 0.997, 0.9968, 0.997, 0.997, 0.9971, 0.9961]"""
"transformer1,lorenz,""{""""arch"""": """"transformer"""", """"lorenz"""": true, """"dm"""": 128, """"nh"""": 2, """"L"""": 2, """"do"""": 0.1, """"lr"""": 0.001, """"bs"""": 64, """"seed"""": 23}"",0.010044333525002,""[0.8134, 0.5647, 0.6276, 0.637, 0.6335, 0.6362, 0.6395, 0.6421, 0.6449, 0.6479, 0.651, 0.6541, 0.6569, 0.659, 0.6613, 0.6635, 0.6648, 0.6667, 0.6679, 0.6688, 0.6701]"""
"transformer1,pod,""{""""arch"""": """"transformer"""", """"pod"""": true, """"dm"""": 128, """"nh"""": 8, """"L"""": 2, """"do"""": 0.1, """"lr"""": 0.001, """"bs"""": 64, """"seed"""": 23}"",0.0119497663205644,""[0.9698, 0.8729, 0.8401, 0.8341, 0.8309, 0.8306, 0.8333, 0.8349, 0.8379, 0.8399, 0.8408, 0.842, 0.8436, 0.8444, 0.8462, 0.8469, 0.8489, 0.8493, 0.85, 0.8502, 0.8517]"""
"transformer1,random_skew,""{""""arch"""": """"transformer"""", """"random"""": true, """"skew"""": true, """"dm"""": 128, """"nh"""": 4, """"L"""": 2, """"do"""": 0.1, """"lr"""": 0.001, """"bs"""": 64, """"seed"""": 23}"",0.0059944990207441,""[0.98, 0.9671, 0.9594, 0.9617, 0.9642, 0.9654, 0.965, 0.9646, 0.9643, 0.9631, 0.9631, 0.9632, 0.963, 0.9626, 0.9622, 0.9619, 0.9616, 0.9606, 0.9602, 0.9599, 0.9595]"""
"transformer1,spiral,""{""""arch"""": """"transformer"""", """"spiral"""": true, """"dm"""": 128, """"nh"""": 8, """"L"""": 2, """"do"""": 0.1, """"lr"""": 0.001, """"bs"""": 64, """"seed"""": 23}"",0.0043808199504079,""[0.9882, 0.8713, 0.9607, 0.9785, 0.9718, 0.9729, 0.9765, 0.9778, 0.9759, 0.9767, 0.9774, 0.9765, 0.9786, 0.9776, 0.9776, 0.9755, 0.9763, 0.976, 0.9755, 0.9759, 0.9748]"""